# source: the compiler ladder at 8,192 tokens
# receipts: g2-compiler-recency-b8192-v1.json, g2-compiler-tailstate-tf0.6-b8192-v3.json, g2-compiler-tailstate-compiledfar-tf0.5-b8192-v1.json, g2-compiler-consolidate-b8192-nopath-v1.json, g2-compiler-dedup-b8192-v1.json, g2-compiler-materialize-b8192-v1.json, g2-compiler-statefirst-b8192-v1.json, g2-compiler-protectwhole-b8192-v1.json, g2-compiler-tailquery-cap0.5-b8192-v1.json
arm,fidelity_pp,nll_delta,active_fraction_p50,n
plain recency,0.29,-0.048,0.097,44
window 60% + compiled far,0,0.022,0.091,44
window 50% + compiled far,0,0.027,0.085,44
evidence consolidation,-5.44,0.157,0.1,44
raw retrieval (dedup + snippet),-6.94,0.476,0.1,44
log replay into state,-7.21,0.48,0.102,44
state-first selection,-15.38,0.936,0.102,44
protected spans whole,-20.33,1.437,0.099,44
newest span only,-25.36,1.4,0.076,44
